"id_visiteur,first_name,last_name,gender,birthday_date,nationality"
"1,Robert,Gillford,Male,23.11.1985,Honduran"
"2,Moselle,Pedlar,Female,20.03.1957,Native Hawaiian and Other Pacific Islander (NHPI)"
"3,Sandy,Jossum,Male,15.05.2003,Latin American Indian"
"4,Dannie,Giacomello,Male,26.07.1953,Yakama"
"5,Bobine,Corwin,Female,24.01.1955,Aleut"
"6,Morton,Swinney,Male,22.09.1960,Tlingit-Haida"
"7,Caril,Laurand,Female,14.01.1974,Chilean"
"8,Mignonne,Easey,Female,03.04.1960,Panamanian"
"9,Darcy,Ion,Male,09.01.1962,Navajo"
"10,Carola,Ogbourne,Female,12.03.2003,Laotian"
"11,Filia,Miskin,Female,02.08.1953,Melanesian"
"12,Conchita,Meneer,Female,06.12.1962,Navajo"
"13,Ruthie,Longforth,Female,30.01.1951,Vietnamese"
"14,Renato,Cheesman,Male,07.04.2012,Chickasaw"
"15,Phillie,Letertre,Female,13.06.2005,Fijian"
"16,Pansy,Cobley,Female,07.07.2008,South American"
"17,Clarabelle,Coolican,Female,16.10.1999,Salvadoran"
"18,Alene,Bowman,Female,25.03.1993,Hmong"
"19,Rennie,Sigmund,Female,28.04.1970,Ute"
"20,Averil,Stiell,Male,13.01.1971,Micronesian"
"21,Uta,Jamot,Female,20.07.1992,Native Hawaiian"
"22,Lilian,Loyley,Female,06.10.2001,Venezuelan"
"23,Didi,Judson,Female,20.11.1988,Nicaraguan"
"24,Nanci,Longstaff,Female,24.08.1957,Peruvian"
"25,Gae,Harron,Female,07.03.1971,Tohono O'Odham"
"26,Arlan,Carsey,Male,17.09.1969,Dominican (Dominican Republic)"
"27,De witt,Dawbury,Male,17.03.1957,Vietnamese"
"28,Ann,Pinare,Female,28.09.1957,Delaware"
"29,Trina,Jakubovski,Female,05.02.1995,Colombian"
"30,Moyra,Keyden,Female,07.06.1962,Menominee"
"31,Gothart,Penfold,Male,29.04.1995,Peruvian"
"32,Frederique,Orcas,Female,11.01.2002,Venezuelan"
"33,Dominic,Pluvier,Male,17.10.2003,Shoshone"
"34,Amity,Cacacie,Female,08.02.1954,Eskimo"
"35,Scot,Moores,Male,29.08.1995,Melanesian"
"36,Eve,Firby,Female,19.01.2013,Iroquois"
"37,Wilden,Prendergrast,Male,09.06.2006,Cambodian"
"38,Phillis,Lethby,Female,18.06.1981,Cuban"
"39,Fifi,MacKaig,Female,12.06.1956,Filipino"
"40,Julie,Helliwell,Male,19.06.2004,Costa Rican"
"41,Lea,Fold,Female,11.08.1962,Fijian"
"42,Swen,Haysey,Male,06.05.1968,Argentinian"
"43,Jesse,Markson,Female,09.02.1997,Pueblo"
"44,Buck,Krol,Male,18.06.1987,Creek"
"45,Marlyn,Lanphier,Female,04.09.1991,Cheyenne"
"46,Francois,Espadater,Male,12.01.2005,Yaqui"
"47,Wes,Le Blond,Male,07.08.1997,White"
"48,Lu,Pennell,Female,30.06.2010,Creek"
"49,Jasmine,Blagbrough,Female,11.08.1961,Uruguayan"
"50,Freida,Beardsworth,Female,31.08.2015,Filipino"
"51,Elianore,Markl,Female,19.12.2014,Samoan"
"52,Ellis,Miquelet,Male,30.01.1987,Osage"
"53,Ernie,McCombe,Male,21.08.1954,Cherokee"
"54,Justinian,Mountcastle,Male,29.01.2001,Nicaraguan"
"55,Benson,Tipler,Male,20.08.1963,Black or African American"
"56,Horatio,Sheber,Male,06.04.1965,Asian"
"57,Ree,Cowin,Female,01.02.1975,Chippewa"
"58,Marchelle,Edmeades,Female,02.01.1958,Samoan"
"59,Pia,Maymand,Female,02.07.1998,Yakama"
"60,Rose,Cullagh,Female,02.06.1955,Seminole"
"61,Jan,Geggus,Male,08.08.2001,Filipino"
"62,Kamilah,Arlt,Female,22.10.1975,Japanese"
"63,Burch,De'Ath,Male,10.05.1989,Korean"
"64,Modestia,Lintott,Female,26.03.1957,Yakama"
"65,Jarid,Tegeller,Male,27.01.1976,Black or African American"
"66,Marve,Perkis,Male,27.04.2004,Paraguayan"
"67,Moyna,Gilfoyle,Female,01.09.1998,Japanese"
"68,Iggy,Karpol,Male,17.12.1964,Paiute"
"69,Jamil,Gudd,Male,27.05.1999,Ute"
"70,Jenni,Somerbell,Female,27.08.1960,Samoan"
"71,Rudolf,Endecott,Male,01.03.2010,Nicaraguan"
"72,Isak,Moulsdale,Male,14.11.1983,Cambodian"
"73,Kirby,Eardley,Female,04.06.1964,Dominican (Dominican Republic)"
"74,Arlena,Brashaw,Female,24.01.1971,Delaware"
"75,Paul,Garstang,Male,11.10.1995,Hmong"
"76,Orren,Dedney,Male,18.06.2015,Samoan"
"77,Candace,Abbots,Female,28.04.1955,Chickasaw"
"78,Kalina,Frondt,Female,23.01.1967,Yakama"
"79,Sadie,Josifovitz,Female,12.07.2001,Menominee"
"80,Clem,Boutflour,Female,20.02.1955,Guatemalan"
"81,Shannan,Kilroy,Male,20.03.2001,Tohono O'Odham"
"82,Esdras,Carberry,Male,09.05.1985,Micronesian"
"83,Vita,Digg,Female,01.11.1982,Eskimo"
"84,Carling,Ambrosch,Male,05.08.1961,Colville"
"85,Peta,Ambrogelli,Female,21.12.1978,Menominee"
"86,Ashton,Gruszczak,Male,09.10.2007,Ecuadorian"
"87,Louis,Monteith,Male,22.06.1989,Mexican"
"88,Aristotle,Gavan,Male,29.08.2000,Sioux"
"89,Lorens,Machon,Male,10.12.1966,Cherokee"
"90,Welbie,Lomath,Male,16.04.2004,Yuman"
"91,Brandais,Skitral,Female,16.12.1954,Salvadoran"
"92,Corbett,Cirlos,Male,21.10.1975,Yakama"
"93,Ozzy,Hayzer,Male,27.10.1989,Pakistani"
"94,Rowen,Mogie,Male,07.11.1956,Chamorro"
"95,Jasmin,Scarlin,Female,30.11.2010,Chinese"
"96,Jerrilee,Guinn,Female,09.04.1975,Bangladeshi"
"97,Renell,Fundell,Female,16.07.2011,Cherokee"
"98,Catarina,Drust,Female,30.09.1965,Yuman"
"99,Cordie,Orkney,Male,15.01.1968,Spaniard"
"100,Sharl,Lille,Female,29.03.2003,Argentinian"
"101,Fairfax,Ascraft,Male,05.01.1983,Thai"
"102,Ranee,Dunkerly,Female,13.12.1981,Polynesian"
"103,Ivie,Shorten,Female,30.10.1977,Fijian"
"104,Bar,Alton,Male,26.12.1989,Paiute"
"105,Petrina,Duley,Female,15.05.1993,Guatemalan"
"106,Gipsy,Sandford,Female,11.09.2012,Lumbee"
"107,Fernando,Cowin,Male,18.07.1966,Tohono O'Odham"
"108,Agathe,Alloway,Female,26.03.1991,Puget Sound Salish"
"109,Junia,Seignior,Female,29.11.1963,Houma"
"110,Murray,Kenion,Male,04.08.2010,Iroquois"
"111,Thaine,Bosworth,Male,10.01.1966,Fijian"
"112,Kimbra,Luckwell,Female,10.10.1953,Spaniard"
"113,Grantham,Finessy,Male,03.03.1971,Crow"
"114,Mill,Ornils,Male,22.04.1959,Comanche"
"115,Scottie,Matuszyk,Male,07.09.1969,Puget Sound Salish"
"116,Ignacius,Okker,Male,15.06.1965,Kiowa"
"117,Sharity,Kleinstein,Female,05.05.1967,Navajo"
"118,Blaire,Klaes,Female,08.04.1958,Potawatomi"
"119,Pammy,Ramelet,Female,22.04.1988,Houma"
"120,Ruben,Ledster,Male,26.06.1975,Malaysian"
"121,Iggie,Emson,Male,07.10.1983,Lumbee"
"122,Krysta,Revans,Female,14.11.2015,Dominican (Dominican Republic)"
"123,Allianora,Skunes,Female,30.08.1999,Seminole"
"124,Shepperd,Bon,Male,15.11.1956,Crow"
"125,Ethelin,Slamaker,Female,25.08.2004,Osage"
"126,Chet,Mariner,Male,03.11.1983,Menominee"
"127,Samuele,Dulinty,Male,14.05.1958,Peruvian"
"128,Marcille,Imloch,Female,15.12.1976,Indonesian"
"129,Shandee,Josefsen,Female,01.01.1984,Tongan"
"130,Paten,Edmans,Male,05.12.1954,Japanese"
"131,Kimberlyn,Eefting,Female,25.05.1962,Comanche"
"132,Karol,Shetliff,Female,12.01.1975,Asian Indian"
"133,Ferdinanda,Mulvey,Female,15.06.2002,Pakistani"
"134,Madge,MacPeice,Female,20.03.1952,Alaska Native"
"135,Annadiane,Bachelar,Female,25.06.2006,Cuban"
"136,Valerie,Nottram,Female,26.02.2000,Thai"
"137,Si,Mounsie,Male,02.04.1953,Tongan"
"138,Blisse,McMurtyr,Female,15.09.1960,Colville"
"139,Arte,Alenikov,Male,28.09.2003,Colombian"
"140,Adriano,Buddington,Male,08.04.2014,Salvadoran"
"141,Doretta,Scarlan,Female,26.12.1964,Mexican"
"142,Wynnie,Shulem,Female,21.02.1993,Pima"
"143,Cathe,Buchanan,Female,29.11.1970,Puerto Rican"
"144,Yves,Wholesworth,Male,05.06.1969,Ottawa"
"145,Davon,Shurman,Male,17.09.1968,Bangladeshi"
"146,Percival,Harpur,Male,12.03.1957,Alaskan Athabascan"
"147,Andie,Manthroppe,Male,02.04.1997,Menominee"
"148,Izaak,Labone,Male,11.09.1957,Panamanian"
"149,Gabbi,Buesnel,Female,29.09.1981,Asian Indian"
"150,Niki,Wynne,Male,30.10.1956,Black or African American"
"151,Erika,Spatoni,Female,07.08.1996,Alaskan Athabascan"
"152,Brenn,Negri,Female,26.09.2003,Chilean"
"153,Kelcy,Hannan,Female,07.10.1955,Korean"
"154,Arda,Hubbuck,Female,28.03.1992,Salvadoran"
"155,Bessy,Rastall,Female,09.01.1981,Creek"
"156,Kevina,Hudd,Female,30.01.1995,Native Hawaiian"
"157,Berne,Giberd,Male,11.09.1959,Salvadoran"
"158,Aurthur,Shimman,Male,25.04.1962,Chilean"
"159,Corenda,McJury,Female,05.01.1971,Tohono O'Odham"
"160,Carleton,Islip,Male,03.10.1958,Aleut"
"161,Roosevelt,McTrustam,Male,17.04.1964,Honduran"
"162,Mallorie,Houston,Female,23.06.1974,Cheyenne"
"163,Rachelle,Petherick,Female,06.10.1954,Pima"
"164,Idelle,Middler,Female,27.07.1985,Indonesian"
"165,Eleni,Keynd,Female,21.02.2007,Korean"
"166,Edgardo,Elnor,Male,04.04.1960,Mexican"
"167,Garv,Collinwood,Male,08.10.1990,Iroquois"
"168,Lorin,Sanney,Male,20.10.1974,Cuban"
"169,Marietta,Yedy,Female,07.02.1978,Malaysian"
"170,Maure,Sigsworth,Female,20.07.1960,Seminole"
"171,Lemar,Sancho,Male,13.04.2010,Guatemalan"
"172,Turner,Dyson,Male,13.08.1990,Nicaraguan"
"173,Linc,Mealham,Male,16.07.1988,Pueblo"
"174,Torrence,Propper,Male,16.03.1977,Seminole"
"175,Tirrell,Ballay,Male,27.12.1998,Blackfeet"
"176,Ladonna,Archibould,Female,21.12.1957,Cambodian"
"177,Alidia,Fawthrop,Female,01.07.2015,Fijian"
"178,Twyla,Ingleton,Female,05.05.1976,Latin American Indian"
"179,Charlie,Malinowski,Male,01.12.1962,Cherokee"
"180,Jarrid,Hamlyn,Male,05.10.1952,Hmong"
"181,Darnell,Swancott,Male,29.01.1996,Native Hawaiian and Other Pacific Islander (NHPI)"
"182,Judye,Wicks,Female,04.02.2005,Chippewa"
"183,Stesha,Harries,Female,03.03.2004,Cherokee"
"184,Robin,Larchier,Female,10.08.1996,Venezuelan"
"185,Camille,Kepe,Female,21.06.2012,Uruguayan"
"186,Symon,Donativo,Male,23.02.1959,Honduran"
"187,Lisa,Treby,Female,30.01.1968,Native Hawaiian and Other Pacific Islander (NHPI)"
"188,Eran,Tooher,Female,08.01.2003,Comanche"
"189,Zorana,Gilfoy,Female,18.05.1998,Central American"
"190,Melanie,Maryska,Female,28.03.1981,Latin American Indian"
"191,Barny,MacDowal,Male,01.03.2006,Pakistani"
"192,Ransell,Mottershaw,Male,21.12.2001,Cambodian"
"193,Maurie,Lambertini,Male,02.01.1966,Tongan"
"194,Wenda,Petrusch,Female,23.08.1990,Venezuelan"
"195,Dare,Croux,Male,18.03.1990,Costa Rican"
"196,Adina,Everist,Female,30.12.1967,Chinese"
"197,Chiquita,Turmell,Female,11.06.2011,Navajo"
"198,Rosana,Stuchbery,Female,07.12.1976,Costa Rican"
"199,Ramona,Blose,Female,01.06.1960,Pima"
"200,Kristos,Ponte,Male,16.03.1962,Pueblo"
"201,Leif,Krause,Male,26.06.1963,Indonesian"
"202,Maynard,Leete,Male,03.01.1997,Native Hawaiian and Other Pacific Islander (NHPI)"
"203,Weider,Cantrill,Male,29.12.2014,Salvadoran"
"204,Hillary,Shirtcliffe,Female,11.10.1980,Thai"
"205,Micaela,Rumbelow,Female,10.12.1985,Delaware"
"206,Letizia,Brymner,Female,18.04.1954,Ecuadorian"
"207,Camel,Flanigan,Female,28.12.1953,Ecuadorian"
"208,Griselda,Melmoth,Female,19.12.1970,American Indian and Alaska Native (AIAN)"
"209,Sollie,Lindhe,Male,17.09.1990,Alaska Native"
"210,Drusi,MacGuffie,Female,16.02.1953,Choctaw"
"211,Mayne,Dimitru,Male,18.02.1951,Puerto Rican"
"212,Shena,Cinelli,Female,28.03.1991,Ottawa"
"213,Garwin,Ledwith,Male,12.11.1960,Seminole"
"214,Carla,Fearfull,Female,10.09.1959,Sioux"
"215,Ilene,Shelper,Female,27.12.1953,Pakistani"
"216,Bette-ann,Extance,Female,11.09.2001,Asian"
"217,Bethany,Clyde,Female,15.04.1952,Cuban"
"218,Keane,Le Barr,Male,11.04.1995,Spaniard"
"219,Herta,Ferebee,Female,16.04.1995,Ottawa"
"220,Malory,Crighton,Female,02.01.2014,Indonesian"
"221,Derby,Barnwille,Male,29.11.1998,Cree"
"222,Brook,Mytton,Male,02.10.2010,Micronesian"
"223,Orv,Lenthall,Male,16.09.1989,Cheyenne"
"224,Agustin,MacGiany,Male,31.07.1954,Ecuadorian"
"225,Rachele,McCleary,Female,08.09.2013,Choctaw"
"226,Andras,Goman,Male,26.03.1953,Guamanian"
"227,Jon,Caple,Male,08.03.1977,Laotian"
"228,Jesselyn,Trapp,Female,14.10.1974,Yaqui"
"229,Lyn,Hacquoil,Female,27.07.2015,Creek"
"230,Dylan,MacLardie,Male,18.02.1967,Tlingit-Haida"
"231,Marion,Bailess,Female,24.05.1988,Sioux"
"232,Devan,Aldie,Female,01.11.2009,Houma"
"233,Aron,Lippett,Male,17.12.1976,Native Hawaiian and Other Pacific Islander (NHPI)"
"234,Maryjane,Suttaby,Female,01.04.2007,Navajo"
"235,Axel,Elvy,Male,03.05.1958,Lumbee"
"236,Roy,Charlotte,Male,09.09.1991,Vietnamese"
"237,Aigneis,Burbidge,Female,16.02.1961,Pima"
"238,Channa,Preece,Female,23.08.1993,South American"
"239,Kaycee,Cockland,Female,06.09.2009,Uruguayan"
"240,Timotheus,Hazelgreave,Male,23.04.1989,Tongan"
"241,Ruperta,Roscamps,Female,21.07.1985,Cheyenne"
"242,Griffy,Faunt,Male,06.06.1951,Yuman"
"243,Sherri,Wickey,Female,28.05.2004,Paiute"
"244,Alidia,Mourbey,Female,31.05.1972,Sri Lankan"
"245,Claybourne,Gislebert,Male,10.02.1977,Panamanian"
"246,Winthrop,Seivwright,Male,13.05.2001,Ottawa"
"247,Dennet,Middlehurst,Male,12.08.2010,Aleut"
"248,Dulcine,Lathy,Female,23.08.1998,Samoan"
"249,Drew,Tallis,Male,26.04.1955,American Indian and Alaska Native (AIAN)"
"250,Griz,Meriton,Male,20.02.2015,Native Hawaiian and Other Pacific Islander (NHPI)"
"251,Brandy,Duffree,Female,25.09.1983,Pima"
"252,Porter,Chatters,Male,15.05.1991,Ute"
"253,Alard,Neachell,Male,12.03.2014,Chilean"
"254,Rolland,Hanssmann,Male,19.10.2001,Spaniard"
"255,Ode,Becket,Male,04.06.1981,Laotian"
"256,Sallie,Cabell,Female,22.08.1987,Puget Sound Salish"
"257,Ax,Parris,Male,17.04.1997,Chinese"
"258,Silvanus,Mabee,Male,05.11.1983,Comanche"
"259,Yetty,Acomb,Female,04.05.1975,Menominee"
"260,Heall,Barnwall,Male,22.09.1985,Cree"
"261,Elisabet,Skocroft,Female,02.10.1998,Guatemalan"
"262,Ilise,de Mendoza,Female,03.10.1965,Thai"
"263,Merla,Scarf,Female,02.07.1997,Peruvian"
"264,Carlie,Lukas,Female,24.12.1990,Spaniard"
"265,Berni,Allcott,Female,25.01.1967,Spaniard"
"266,Ivonne,Christall,Female,12.09.2005,Central American"
"267,Clayson,Moreby,Male,10.12.1957,Filipino"
"268,Dorothea,Lippo,Female,12.09.1979,Creek"
"269,Miner,Sanbrooke,Male,15.08.1999,Fijian"
"270,Myrwyn,Stote,Male,02.09.2009,Eskimo"
"271,Milly,Ickovicz,Female,22.11.1958,Guamanian"
"272,Paulina,Palek,Female,05.08.1983,Chinese"
"273,Bank,Gosson,Male,25.09.1981,South American"
"274,Kincaid,Summerskill,Male,28.06.1996,Seminole"
"275,Brig,Crabtree,Male,26.12.2002,Paiute"
"276,Chandra,Berr,Female,09.07.2015,Shoshone"
"277,Gris,McKean,Male,22.11.1960,Melanesian"
"278,Ruby,Wandrich,Male,29.12.1950,Laotian"
"279,Niko,Heeks,Male,30.08.1958,Taiwanese"
"280,Jude,Hopewell,Male,08.08.1956,Kiowa"
"281,Gifford,Ewing,Male,27.06.1973,Bangladeshi"
"282,Florina,Kopta,Female,19.03.1985,Cherokee"
"283,Petronia,Carn,Female,24.07.1995,Yakama"
"284,Carlye,Iannini,Female,14.09.1974,Korean"
"285,Bran,Seacroft,Male,17.08.1955,Bangladeshi"
"286,Maudie,Munford,Female,09.11.1988,Native Hawaiian"
"287,Carolynn,Daye,Female,03.09.1975,Spaniard"
"288,Ozzy,Baseley,Male,17.02.2001,Venezuelan"
"289,Colline,Martynov,Female,25.12.1991,Puerto Rican"
"290,Leonhard,Allport,Male,04.03.1952,Chippewa"
"291,Justen,Stienton,Male,05.04.2009,South American"
"292,Vite,Manuel,Male,02.08.1961,Malaysian"
"293,Horace,Ruddiman,Male,15.03.1990,Paraguayan"
"294,Elfrida,Gribbon,Female,05.06.1971,Guatemalan"
"295,Carey,Friedman,Male,30.03.1956,Potawatomi"
"296,Mikael,Stennes,Male,04.02.1987,Shoshone"
"297,Hewe,De Biasio,Male,24.11.2004,Chippewa"
"298,Bartlett,MacKee,Male,31.08.1981,Colville"
"299,Guntar,Hullah,Male,27.10.1966,Chilean"
"300,Rodi,Harkins,Female,16.02.1963,Apache"
"301,Glynnis,Foro,Female,22.10.2002,Dominican (Dominican Republic)"
"302,Arda,Heap,Female,12.09.1994,Lumbee"
"303,Eveline,Molloy,Female,31.08.1986,Chinese"
"304,Teodor,Oakenfull,Male,25.05.1992,Comanche"
"305,Harald,Robey,Male,01.08.1966,American Indian and Alaska Native (AIAN)"
"306,Caro,Salaman,Female,14.03.2014,Venezuelan"
"307,Cordell,Luetkemeyer,Male,11.09.1975,American Indian"
"308,Sebastien,Lowings,Male,26.01.2003,Colombian"
"309,Tatiania,McAleese,Female,07.01.1958,Iroquois"
"310,Zaccaria,Mapledoram,Male,19.12.2013,Sioux"
"311,Kile,Doerrling,Male,28.06.1985,Central American"
"312,Karel,Caroline,Male,19.08.1960,Tohono O'Odham"
"313,Roddie,Twaite,Male,01.12.1979,Crow"
"314,Junette,Sains,Female,03.05.2015,Chilean"
"315,Riki,Plumtree,Female,24.05.2009,Melanesian"
"316,Abbye,Pentercost,Female,29.09.2002,Blackfeet"
"317,Alethea,Scallan,Female,16.03.1964,Delaware"
"318,Dorothea,Duffield,Female,01.12.1964,Salvadoran"
"319,Shoshana,Clilverd,Female,28.05.1996,Asian Indian"
"320,Verile,Batterham,Female,16.12.1988,Native Hawaiian"
"321,Gusta,Meaton,Female,17.04.1954,Blackfeet"
"322,Roxana,Spurgeon,Female,30.11.1988,Pakistani"
"323,Lorens,Cortin,Male,10.03.2001,Eskimo"
"324,Kylila,Haughin,Female,04.11.1974,Creek"
"325,Tine,Pray,Female,15.09.1958,Pima"
"326,Langston,Grivori,Male,16.06.1966,Chilean"
"327,Allistir,Boshier,Male,02.04.1982,Cuban"
"328,Ronalda,Enric,Female,11.10.1981,Native Hawaiian and Other Pacific Islander (NHPI)"
"329,Hollie,Roscoe,Female,03.07.1997,Colville"
"330,Gerianna,McRonald,Female,04.06.2015,Samoan"
"331,Rosana,Simek,Female,23.09.2003,Cree"
"332,Staford,Hayter,Male,07.07.2013,Menominee"
"333,Alfredo,Boness,Male,17.07.1974,Peruvian"
"334,Elmira,Borkin,Female,26.08.1957,Pueblo"
"335,Judon,Donan,Male,06.03.2013,Kiowa"
"336,Jaquenetta,Tunnow,Female,27.10.1976,Indonesian"
"337,Wyatt,Ashingden,Male,01.05.2005,Pueblo"
"338,Lock,Borzoni,Male,26.03.2007,White"
"339,Friedrich,Hatton,Male,29.07.1991,Latin American Indian"
"340,Emlen,Arpur,Male,15.04.1975,Delaware"
"341,Carson,Dumbrill,Male,05.11.1991,Blackfeet"
"342,Byrann,Greenside,Male,06.08.1975,Uruguayan"
"343,Henrie,Disman,Female,30.03.1976,Taiwanese"
"344,Joaquin,Brookz,Male,01.03.1971,Yakama"
"345,Meredeth,Le Surf,Male,22.04.1998,Bangladeshi"
"346,Ed,Quelch,Male,29.10.1974,Black or African American"
"347,Reidar,Vales,Male,17.01.1968,Yaqui"
"348,Janean,Burburough,Female,06.12.1992,Bolivian"
"349,Eleni,Cogdon,Female,09.01.1996,Nicaraguan"
"350,Cyrill,Andrioli,Male,18.03.2000,Cree"
"351,Ruthy,Winnister,Female,02.08.2004,Cheyenne"
"352,Scottie,Yalden,Male,24.01.2012,Navajo"
"353,Cosmo,Lillicrop,Male,01.09.1957,Dominican (Dominican Republic)"
"354,Elora,Tomasek,Female,06.09.1975,Cheyenne"
"355,Lem,Pasticznyk,Male,15.10.1967,Tohono O'Odham"
"356,Quinlan,Stuchburie,Male,13.01.1981,Pima"
"357,Joachim,Gordon,Male,19.06.1962,Laotian"
"358,Etan,Ethelstone,Male,04.07.1978,Comanche"
"359,Garvy,Lambarth,Male,07.12.1973,Yuman"
"360,Bevan,Harnett,Male,09.02.1995,Chippewa"
"361,Patsy,Ennals,Female,18.07.1962,Puerto Rican"
"362,Aila,Haliburton,Female,17.07.1953,Bolivian"
"363,Joshia,Tretter,Male,03.03.1999,Lumbee"
"364,Catriona,Klosser,Female,09.04.1992,Choctaw"
"365,Zsazsa,Batham,Female,16.06.1973,Ute"
"366,Clarke,Rakestraw,Male,01.11.2002,Yakama"
"367,Lenka,Landall,Female,28.02.1986,Polynesian"
"368,Angelika,Bangley,Female,12.06.1972,Indonesian"
"369,Emmott,Flitcroft,Male,01.03.1977,Creek"
"370,Fae,Ambroise,Female,09.07.2010,Tohono O'Odham"
"371,Anstice,Drable,Female,18.07.1975,Guatemalan"
"372,Arlen,Leeson,Male,22.04.1998,Fijian"
"373,Burgess,Rive,Male,26.05.1978,Salvadoran"
"374,Tommie,Teresa,Male,07.08.2006,Kiowa"
"375,Abbie,Pencot,Male,30.08.1994,Ottawa"
"376,Ruthanne,Whatman,Female,26.07.1969,Cheyenne"
"377,Patin,Apdell,Male,29.10.1963,Aleut"
"378,Aylmar,Leyban,Male,24.10.1997,Venezuelan"
"379,Buiron,Twaits,Male,05.09.1984,Cheyenne"
"380,Perkin,Lago,Male,24.11.2006,Asian"
"381,Ellwood,Vickar,Male,20.07.1990,Native Hawaiian"
"382,Sharla,Lechelle,Female,16.01.2010,Lumbee"
"383,Giraldo,Trumpeter,Male,30.07.1963,Pueblo"
"384,Eyde,Okie,Female,29.10.1992,Polynesian"
"385,Stevana,Paige,Female,07.07.1968,Cambodian"
"386,Othello,Daine,Male,28.06.1987,Nicaraguan"
"387,Vernon,McNess,Male,01.05.2010,Asian"
"388,Gaelan,Shuker,Male,27.10.1956,White"
"389,Augusta,Adamik,Female,20.02.1956,Eskimo"
"390,Stevie,Medforth,Male,20.11.2010,Melanesian"
"391,Giles,Staddart,Male,07.03.1999,Native Hawaiian and Other Pacific Islander (NHPI)"
"392,Roxane,Schindler,Female,01.04.2008,Chilean"
"393,Yanaton,Puffett,Male,21.03.1961,Paraguayan"
"394,Thacher,Hourstan,Male,25.04.1954,Panamanian"
"395,Niel,Schimonek,Male,18.01.1979,Filipino"
"396,Elia,Adrian,Male,21.06.2015,Yuman"
"397,Anita,Tincombe,Female,25.08.1955,Cherokee"
"398,Cliff,Brenneke,Male,14.12.1971,Polynesian"
"399,Natale,Sailes,Male,28.01.1969,Puget Sound Salish"
"400,Adriana,Grishakov,Female,26.03.2004,Kiowa"
"401,Buddy,Inold,Male,19.05.2006,Yaqui"
"402,Etty,Kobu,Female,10.05.2008,Crow"
"403,Martica,Barrows,Female,28.02.1955,Kiowa"
"404,Rheba,Regina,Female,11.06.2008,White"
"405,Nevin,Caudle,Male,09.12.1956,Lumbee"
"406,Lillis,Bigglestone,Female,06.12.2001,Indonesian"
"407,Curtice,Patriskson,Male,07.06.1985,Chinese"
"408,Willis,Abade,Male,01.07.1972,Costa Rican"
"409,Hieronymus,Luciani,Male,11.05.1993,Indonesian"
"410,Teodor,Reily,Male,21.01.1992,Puget Sound Salish"
"411,Beverley,Dulling,Female,09.10.1981,American Indian"
"412,Karoly,Janson,Male,18.07.1966,Creek"
"413,Nadeen,Hegge,Female,08.06.2010,Salvadoran"
"414,Lonnard,Cavan,Male,12.01.2009,Argentinian"
"415,Mathilda,Yeatman,Female,22.09.1987,Bolivian"
"416,Leanna,Flescher,Female,01.12.1964,Bangladeshi"
"417,Harriette,Snadden,Female,15.02.1990,Navajo"
"418,Jacquelyn,Heams,Female,30.06.2010,Ute"
"419,Kerrie,Matteoli,Female,30.10.1963,Costa Rican"
"420,Orville,Gilardi,Male,09.08.1998,Osage"
"421,Guglielma,Geggus,Female,06.10.2005,Apache"
"422,Dick,Edmundson,Male,05.07.1980,Argentinian"
"423,Matthiew,Maruszewski,Male,08.01.1968,Yaqui"
"424,Reinaldo,Feedham,Male,28.08.1972,Argentinian"
"425,Monte,Southall,Male,14.10.1959,Hmong"
"426,Cathyleen,Ollivier,Female,11.07.1963,Native Hawaiian and Other Pacific Islander (NHPI)"
"427,Dorry,McIlwrath,Female,12.06.1963,Seminole"
"428,Hoebart,Beltzner,Male,07.01.1983,Native Hawaiian and Other Pacific Islander (NHPI)"
"429,Gene,Eilhersen,Female,15.11.1996,Asian"
"430,Aurlie,Kibbee,Female,20.09.1971,Fijian"
"431,Tremaine,Hanna,Male,31.12.2006,Shoshone"
"432,Aharon,Harden,Male,29.06.1970,Latin American Indian"
"433,Dan,Berntsson,Male,05.08.1974,American Indian"
"434,Willie,Dametti,Female,21.10.2007,Yakama"
"435,Gray,Ruos,Male,27.03.1980,Comanche"
"436,Brigitte,Duly,Female,28.12.1950,Bolivian"
"437,Lionello,Disbury,Male,30.12.1974,Indonesian"
"438,Binni,Figurski,Female,21.10.1982,Blackfeet"
"439,Stephine,Matias,Female,01.09.1996,Colombian"
"440,Allistir,Kingdom,Male,29.12.2005,Alaskan Athabascan"
"441,Melitta,Rearie,Female,04.07.1985,Tohono O'Odham"
"442,Emelia,Hartegan,Female,04.08.1955,Asian Indian"
"443,Malcolm,Naptin,Male,21.12.1964,Delaware"
"444,Ailey,Marchington,Female,08.04.1960,Osage"
"445,Lavinie,Vanichev,Female,09.02.1976,Seminole"
"446,Ailis,Rumgay,Female,11.01.1981,Samoan"
"447,Uta,Culmer,Female,12.05.1978,Polynesian"
"448,Britney,Sarvar,Female,13.12.1976,Kiowa"
"449,Bethina,Matskiv,Female,03.10.1954,Yakama"
"450,Atlanta,McColm,Female,17.12.1991,Laotian"
"451,Cord,Mabbs,Male,08.03.1969,Indonesian"
"452,Darius,MacDuffie,Male,28.06.1990,Pueblo"
"453,Dorise,Benzing,Female,28.05.1965,Ottawa"
"454,Marion,Giberd,Male,28.02.1966,Asian"
"455,Jarvis,Ladewig,Male,11.04.2007,Osage"
"456,Ardelis,Ivanenkov,Female,05.02.1989,Sioux"
"457,Modesty,Deny,Female,17.09.1970,Delaware"
"458,Dix,Caines,Female,04.08.2009,Alaska Native"
"459,Marge,Bladon,Female,23.09.1965,Pueblo"
"460,Nathanial,Hewes,Male,13.02.2003,Cherokee"
"461,Jarrett,Fairey,Male,19.11.1967,Yuman"
"462,Andie,Lawes,Male,20.07.2013,Taiwanese"
"463,Emiline,O'Murtagh,Female,14.03.2005,Colville"
"464,Gregorius,Rudge,Male,09.08.2013,Bangladeshi"
"465,Pren,Abbatucci,Male,05.01.1951,American Indian"
"466,Benny,Jeannaud,Male,08.10.1993,Yakama"
"467,Ermengarde,Luna,Female,25.02.1982,Crow"
"468,Garreth,Keasey,Male,18.01.2009,Apache"
"469,Kass,Pass,Female,23.03.1992,Delaware"
"470,Cristionna,Mulqueen,Female,11.09.1956,Alaska Native"
"471,Gaby,Townsend,Male,21.12.1995,Apache"
"472,Archambault,Dumberell,Male,28.02.2007,South American"
"473,Etheline,Gwyer,Female,18.08.2015,Samoan"
"474,Tab,Huriche,Male,06.10.1961,Thai"
"475,Micaela,Orsi,Female,19.11.1985,Filipino"
"476,Fremont,Casillas,Male,02.02.1973,Cuban"
"477,Forest,Putten,Male,02.05.2015,Kiowa"
"478,Callida,Brugden,Female,05.03.1992,Sri Lankan"
"479,Kirsten,Crann,Female,03.08.1985,Navajo"
"480,Tris,Adie,Male,02.09.1965,Sioux"
"481,Arabel,Chave,Female,30.05.1993,Puget Sound Salish"
"482,Vanya,Winchcomb,Female,24.06.1964,Yaqui"
"483,Lory,Phelps,Female,23.09.2010,Yuman"
"484,Justinn,Sayse,Female,08.04.1955,Potawatomi"
"485,Lily,Tollmache,Female,16.09.1983,Polynesian"
"486,Fred,Wallett,Male,04.10.2012,Seminole"
"487,Pen,Lukes,Male,25.12.1967,Peruvian"
"488,Ashlan,Barron,Female,21.03.1953,Lumbee"
"489,Leighton,Athow,Male,03.08.1955,Taiwanese"
"490,Gabriele,Ellicott,Male,25.02.1974,Dominican (Dominican Republic)"
"491,Norene,Waplinton,Female,03.01.1972,Peruvian"
"492,Merrie,Skaif,Female,23.10.1985,Choctaw"
"493,Glenda,Quiddihy,Female,12.04.1978,Comanche"
"494,Meade,Fallowes,Male,05.02.2006,Sioux"
"495,Yardley,Dodgshun,Male,02.08.2007,Puget Sound Salish"
"496,Fields,Dormand,Male,06.12.2009,Salvadoran"
"497,Diane-marie,Guiness,Female,06.11.1959,Yakama"
"498,Annabelle,Carus,Female,19.12.1951,Cuban"
"499,Gare,Keatch,Male,02.07.2007,Aleut"
"500,Brander,Woffinden,Male,11.10.1978,Puget Sound Salish"
"501,Dallis,Loakes,Male,22.12.1999,Kiowa"
"502,Laughton,Hattoe,Male,20.12.1988,Cambodian"
"503,Leanora,Impleton,Female,09.07.2010,Comanche"
"504,Bobinette,Tender,Female,05.05.2005,Laotian"
"505,Regan,Setterington,Male,13.05.1987,Central American"
"506,Gwenni,Cecil,Female,27.08.1969,Melanesian"
"507,Jacinta,Mordue,Female,12.08.1977,Native Hawaiian and Other Pacific Islander (NHPI)"
"508,Penny,Hedau,Male,13.09.2015,Crow"
"509,Stacy,Sainthill,Male,07.09.1997,Chickasaw"
"510,Rebekkah,Aburrow,Female,19.10.2006,Panamanian"
"511,Alanna,Deegin,Female,13.04.1973,Yaqui"
"512,Adella,De Zuani,Female,24.08.1980,Asian"
"513,Inigo,Ogborne,Male,19.04.1967,Polynesian"
"514,Brianne,Crosson,Female,08.07.1963,Central American"
"515,Catina,McMennum,Female,15.09.1958,Peruvian"
"516,Killie,Kenneway,Male,30.10.1966,Lumbee"
"517,Alfreda,Campling,Female,17.01.2003,Honduran"
"518,Nolly,Farish,Male,08.07.1963,South American"
"519,Onfroi,Paoletti,Male,29.06.2003,Yakama"
"520,Olvan,Posselow,Male,01.01.1991,Colombian"
"521,Field,Rockhall,Male,24.11.1980,Filipino"
"522,Mord,Ambrozik,Male,05.03.2012,Paraguayan"
"523,Mair,Burmingham,Female,13.08.2015,Delaware"
"524,Michael,Skirrow,Male,03.11.1953,Chinese"
"525,Rancell,Cathcart,Male,27.12.1991,Creek"
"526,Adelina,Read,Female,14.09.2003,Eskimo"
"527,Marcos,Berrie,Male,30.08.1985,Chickasaw"
"528,Noach,Eilhermann,Male,19.11.1958,Samoan"
"529,Rodger,Stilgo,Male,29.06.1956,Yuman"
"530,Adelice,Lawdham,Female,13.10.1951,South American"
"531,Costa,Philcock,Male,17.06.1963,Navajo"
"532,Grata,Rowling,Female,15.08.1968,Chickasaw"
"533,Donella,Trott,Female,10.04.1992,Polynesian"
"534,Herve,Geindre,Male,04.05.1995,Melanesian"
"535,Nikki,Britland,Male,05.02.1987,Native Hawaiian"
"536,Peyton,Reucastle,Male,03.08.1992,Asian Indian"
"537,Susette,Cantera,Female,31.01.1978,Blackfeet"
"538,Joelie,Cowgill,Female,28.07.2012,Vietnamese"
"539,Brigitta,Kimblin,Female,03.12.1962,Thai"
"540,Rina,Rodda,Female,13.09.1978,Taiwanese"
"541,Mylo,Ridpath,Male,10.02.1963,Alaska Native"
"542,Cindi,MacKissack,Female,05.11.1975,Puget Sound Salish"
"543,Georgena,Linley,Female,12.09.1980,Native Hawaiian"
"544,Ingemar,Medway,Male,22.12.1975,Ecuadorian"
"545,Caroline,Gilvear,Female,30.10.1957,Pueblo"
"546,Immanuel,Musla,Male,24.11.1960,Japanese"
"547,Willdon,Styant,Male,23.04.1960,Iroquois"
"548,Mitch,Kybert,Male,11.06.1976,Delaware"
"549,Moses,Dalla,Male,19.05.1979,Menominee"
"550,Cate,Kalisch,Female,07.04.2005,Uruguayan"
"551,Brett,Woolager,Female,06.10.1999,Salvadoran"
"552,Spike,Lowten,Male,30.07.1968,Costa Rican"
"553,Beale,Gaddesby,Male,21.01.2009,Thai"
"554,Casar,McAlister,Male,24.01.1972,Blackfeet"
"555,Silvia,Vanni,Female,01.08.1986,Chippewa"
"556,Hersh,Meatcher,Male,14.05.1999,Kiowa"
"557,Austin,Karus,Male,28.01.1979,Mexican"
"558,Shannan,McKeney,Male,09.09.1956,Bangladeshi"
"559,Debora,Whale,Female,08.08.1983,Iroquois"
"560,Cecile,Stracey,Female,05.01.1982,Korean"
"561,Kaleena,Hele,Female,13.04.1976,American Indian"
"562,Tobe,Phillip,Female,03.04.1983,Native Hawaiian"
"563,Ernesta,Barling,Female,30.08.1968,Chamorro"
"564,Nessy,Badini,Female,26.03.1965,Crow"
"565,Ethelred,Wasbrough,Male,08.01.2007,Nicaraguan"
"566,Sheree,Merryfield,Female,23.09.1995,Kiowa"
"567,Jenda,Mohring,Female,10.01.1970,Central American"
"568,Briana,Bartosinski,Female,09.10.1991,Cambodian"
"569,Brodie,Bineham,Male,07.09.1997,Fijian"
"570,Gratia,McNysche,Female,26.09.1985,Native Hawaiian and Other Pacific Islander (NHPI)"
"571,Lou,Dannell,Male,06.10.2010,Colville"
"572,Glyn,Humphris,Male,02.12.1976,Argentinian"
"573,Eran,Tompkins,Female,20.10.1987,Black or African American"
"574,Raddie,Martschke,Male,26.06.1962,Venezuelan"
"575,Theodor,Luney,Male,02.01.1989,Filipino"
"576,Merry,Whiff,Female,18.04.1987,Cambodian"
"577,Davita,Furnell,Female,28.11.1985,Chippewa"
"578,Wallas,Sarsfield,Male,10.02.1974,Houma"
"579,Rorie,Fryer,Female,04.07.1995,Alaska Native"
"580,Corrie,Stancer,Male,11.09.1951,Bolivian"
"581,Nolan,Durak,Male,21.06.1977,Yakama"
"582,Magda,Carruthers,Female,24.10.2006,Asian Indian"
"583,Damita,Mithun,Female,17.05.2014,Navajo"
"584,Jamil,Hundell,Male,21.09.1968,Crow"
"585,Kristin,Jankin,Female,21.12.2011,Cree"
"586,Eartha,Elman,Female,15.10.1959,Yuman"
"587,Eddy,Sommerling,Female,04.04.1966,Central American"
"588,Sutherlan,Mardle,Male,05.11.1956,Shoshone"
"589,Roselia,Flips,Female,09.11.2005,Micronesian"
"590,Carmelle,Heck,Female,01.09.1960,Uruguayan"
"591,Arvie,O' Culligan,Male,27.03.1958,Aleut"
"592,Gabriel,Vise,Female,05.10.1956,White"
"593,Gaspar,Kuhndel,Male,15.10.1967,Tlingit-Haida"
"594,Wilhelm,Blasli,Male,15.11.1976,Apache"
"595,Saundra,Idill,Male,28.09.2008,Costa Rican"
"596,Sigmund,Huet,Male,03.03.1967,Cuban"
"597,Ara,Mortlock,Male,29.12.1954,Chippewa"
"598,Gardie,Rillatt,Male,25.04.1968,Dominican (Dominican Republic)"
"599,Agathe,Ciccottini,Female,28.01.2004,Blackfeet"
"600,Garrett,Lainton,Male,24.12.1992,Bolivian"
"601,Benedikta,Poutress,Female,28.12.1993,Puget Sound Salish"
"602,Grazia,Goves,Female,07.06.1972,Cree"
"603,Aurie,Heinreich,Female,26.03.1965,Puget Sound Salish"
"604,Wandis,Gaudin,Female,11.07.1986,Taiwanese"
"605,Russell,French,Male,08.07.2003,Japanese"
"606,Drusilla,Worham,Female,03.10.1964,Micronesian"
"607,Enrichetta,Cawthra,Female,09.03.2000,Ecuadorian"
"608,Cosmo,Crapper,Male,15.10.2006,South American"
"609,Noak,Goodie,Male,27.05.1986,Kiowa"
"610,Amandi,Southcott,Female,23.11.1991,Cambodian"
"611,Kippie,Oldam,Male,11.10.1990,Black or African American"
"612,Penny,Beatson,Male,02.09.2012,Yuman"
"613,Cassie,Amner,Male,09.08.1966,Salvadoran"
"614,Norah,Bartot,Female,16.02.1980,Native Hawaiian"
"615,Tull,Danielsky,Male,18.01.1953,Native Hawaiian and Other Pacific Islander (NHPI)"
"616,Giorgia,Keely,Female,06.10.1957,Chamorro"
"617,Harlie,Doncom,Female,05.05.2000,Indonesian"
"618,Putnam,Hinkens,Male,17.03.1981,Panamanian"
"619,Drake,Baish,Male,06.01.1993,Japanese"
"620,Colet,Griggs,Male,22.03.1993,Samoan"
"621,Toddy,Andino,Male,31.12.1967,Cheyenne"
"622,Lucais,Dowell,Male,29.06.1993,Chilean"
"623,Lorenzo,Cearley,Male,01.08.2015,Melanesian"
"624,Reinaldos,Reason,Male,21.03.2000,Alaskan Athabascan"
"625,Georgina,Goady,Female,23.11.1966,Fijian"
"626,Marya,Bettinson,Female,03.08.2015,Filipino"
"627,Mohandas,Bitcheno,Male,16.08.1970,Melanesian"
"628,Jany,Sapauton,Female,03.11.1997,Choctaw"
"629,Nadia,Auchterlonie,Female,12.04.1967,Chippewa"
"630,Ermin,Bartolomeu,Male,11.02.1993,Honduran"
"631,Alane,Palin,Female,15.11.1964,Puget Sound Salish"
"632,Thomasina,Marcinkowski,Female,28.04.2012,Black or African American"
"633,Kearney,Conry,Male,30.09.1974,Tongan"
"634,Helen,Driscoll,Female,06.04.1966,South American"
"635,Farris,Boick,Male,10.08.1989,Argentinian"
"636,Kai,Kings,Female,20.04.1975,Central American"
"637,Idaline,Janecki,Female,12.08.1971,Micronesian"
"638,Remington,Corbet,Male,20.02.1982,Alaskan Athabascan"
"639,Pincas,Issatt,Male,01.05.2015,Thai"
"640,Clementina,Valentinetti,Female,31.12.2003,Alaska Native"
"641,Demetrius,Kempson,Male,10.09.1987,Bangladeshi"
"642,Karolina,Kroger,Female,11.09.1961,Cherokee"
"643,Alissa,Rorke,Female,08.09.1981,Costa Rican"
"644,Ellswerth,Warriner,Male,17.01.2013,Delaware"
"645,Dulci,Geke,Female,19.03.1999,Korean"
"646,Pietrek,Randal,Male,14.10.2014,Sri Lankan"
"647,Christos,Buten,Male,30.01.1952,Choctaw"
"648,Gelya,Kerton,Female,23.11.1966,Tlingit-Haida"
"649,Tremain,Bauckham,Male,27.12.2004,Potawatomi"
"650,Gerhardt,Fewkes,Male,25.03.1951,Sioux"
"651,Adams,Cunradi,Male,13.08.1962,Latin American Indian"
"652,Shalne,Rackley,Female,25.11.1958,Yaqui"
"653,Bruis,Girone,Male,10.01.1989,Ute"
"654,Jordanna,Silson,Female,09.09.1965,South American"
"655,Darb,Brantzen,Male,26.05.2002,Melanesian"
"656,Jackson,Boar,Male,19.04.2000,Navajo"
"657,Elisabetta,Ralston,Female,19.04.1971,Cree"
"658,Lynsey,Gaythor,Female,01.10.2012,Japanese"
"659,Lewiss,Abethell,Male,17.12.1995,Cuban"
"660,Vachel,Crawshaw,Male,06.02.2006,Honduran"
"661,Xerxes,Spellard,Male,05.10.1998,Fijian"
"662,Anselma,Wheowall,Female,23.05.1976,Uruguayan"
"663,Lilas,Knottley,Female,02.04.1957,Crow"
"664,Birch,Pierton,Male,30.03.1999,Shoshone"
"665,Charlotta,Bootes,Female,10.08.1951,White"
"666,Berkie,Murra,Male,12.05.1999,Cuban"
"667,Flss,Paige,Female,11.05.1986,Alaskan Athabascan"
"668,Robinette,Swinfen,Female,03.12.1998,Colombian"
"669,Gaylord,Goold,Male,07.02.1962,Alaskan Athabascan"
"670,Carry,Baleine,Female,12.10.2013,Taiwanese"
"671,Rory,Beevor,Male,03.09.1959,Asian Indian"
"672,Malachi,Drewitt,Male,10.05.1963,Samoan"
"673,Dinny,Buckenhill,Female,05.03.1965,Nicaraguan"
"674,Selestina,Snelle,Female,14.01.1960,Iroquois"
"675,Arielle,Mealham,Female,13.07.1980,Iroquois"
"676,Carlita,Hearon,Female,28.11.1965,Vietnamese"
"677,Carolee,Duckett,Female,15.07.2004,Latin American Indian"
"678,Renaud,Cleife,Male,15.08.2015,Nicaraguan"
"679,Osbourn,Sidnell,Male,28.04.1986,Micronesian"
"680,Jordan,Tedstone,Female,15.09.1995,Honduran"
"681,Zacharias,Bullier,Male,21.02.2000,Chilean"
"682,Ernesta,Tonna,Female,13.05.1967,Costa Rican"
"683,Tarrah,Nussgen,Female,12.04.1967,Nicaraguan"
"684,Bette,Riddel,Female,08.05.1980,American Indian"
"685,Annabela,Dominichetti,Female,03.04.2004,Iroquois"
"686,Nanine,Esparza,Female,24.10.1965,Choctaw"
"687,Flint,Massingberd,Male,19.04.1971,Salvadoran"
"688,Kristoforo,Drakers,Male,29.10.2012,Puerto Rican"
"689,Cinderella,Bottinelli,Female,10.02.1983,Bangladeshi"
"690,Brigit,Lyte,Female,19.03.1962,Pueblo"
"691,Kile,Whyard,Male,17.04.1990,Comanche"
"692,Biddy,Yitzovicz,Female,16.07.2002,Alaska Native"
"693,Jeffie,Laybourne,Male,15.04.1981,Paiute"
"694,Maggy,Niemetz,Female,14.07.1974,Chamorro"
"695,Florette,McCurry,Female,29.10.2001,Colville"
"696,Far,Gethins,Male,10.01.1965,Argentinian"
"697,Coletta,Kubecka,Female,26.07.2002,Blackfeet"
"698,Jackie,Stanborough,Female,11.05.1977,Asian"
"699,Bethina,Gilyatt,Female,14.12.1992,Creek"
"700,Ryon,Twinbourne,Male,11.04.2003,Alaska Native"
"701,Evangeline,Cheel,Female,13.10.1990,Black or African American"
"702,Adolphe,Sedwick,Male,12.12.2002,Ecuadorian"
"703,Townsend,Casaro,Male,29.06.1998,Costa Rican"
"704,Barty,Prout,Male,21.01.2011,Delaware"
"705,Tomaso,Couve,Male,27.03.1958,Potawatomi"
"706,Carlos,McWhin,Male,15.12.1992,Aleut"
"707,Selby,Mazella,Male,25.03.1975,Navajo"
"708,Christel,Bougen,Female,15.12.1968,Delaware"
"709,Sharai,Buggs,Female,06.12.2007,Puerto Rican"
"710,Rawley,Chippendale,Male,10.06.1986,Blackfeet"
"711,Lari,Sheilds,Female,05.10.1962,Tongan"
"712,Barbabas,Schruur,Male,28.01.1991,Costa Rican"
"713,Danika,Readett,Female,25.04.1982,Aleut"
"714,Aprilette,Oldridge,Female,22.06.1978,Polynesian"
"715,Chrisse,Casemore,Male,24.12.1998,Chinese"
"716,Reinaldos,Meagher,Male,06.10.1956,Dominican (Dominican Republic)"
"717,Marcela,Iannitti,Female,23.09.2007,Ute"
"718,Davina,Androletti,Female,29.04.1978,Taiwanese"
"719,Reggie,Thorrold,Female,05.02.1978,Colombian"
"720,Berne,Pochin,Male,02.05.1959,Pima"
"721,Ellwood,Renn,Male,17.06.1996,Ute"
"722,Rena,Filyashin,Female,19.03.1986,White"
"723,Gasparo,L'Archer,Male,30.06.1992,Ute"
"724,Ferne,Drowsfield,Female,07.05.1964,Kiowa"
"725,Emmalee,Burness,Female,30.05.1992,Creek"
"726,Elmo,Twitchett,Male,15.11.1972,Puerto Rican"
"727,Star,Lunk,Female,17.06.2008,Dominican (Dominican Republic)"
"728,Imogene,Kamienski,Female,03.01.2006,Cheyenne"
"729,Geneva,Doberer,Female,18.06.1982,Guamanian"
"730,Con,Ogger,Female,20.06.1973,Puerto Rican"
"731,Nichole,Antonetti,Male,13.12.1975,Kiowa"
"732,Fonz,Peplay,Male,24.07.2009,Costa Rican"
"733,Garald,Boik,Male,22.07.1998,Salvadoran"
"734,Salvatore,Loxston,Male,09.04.1959,Chickasaw"
"735,Trenna,Hallas,Female,05.07.1968,Puget Sound Salish"
"736,Crichton,Chant,Male,21.02.1972,Salvadoran"
"737,Verena,Dutt,Female,14.01.1969,Central American"
"738,Libbey,Kleen,Female,15.01.2010,Shoshone"
"739,Alisa,Winterbotham,Female,30.11.1991,Iroquois"
"740,Liza,Geggus,Female,25.07.1969,Paiute"
"741,Marcellina,Gosenell,Female,08.06.1958,Cambodian"
"742,Carissa,Goodricke,Female,15.02.2003,Nicaraguan"
"743,Raddy,Leal,Male,02.07.2000,Venezuelan"
"744,Laird,Pownall,Male,17.06.2012,Chickasaw"
"745,Gui,Iashvili,Female,07.05.1982,Hmong"
"746,Brina,Attfield,Female,03.01.1977,American Indian"
"747,Patrizio,Strongman,Male,25.12.1999,Indonesian"
"748,Consuela,Physick,Female,09.09.1987,Filipino"
"749,Von,Hissie,Male,20.06.2008,American Indian and Alaska Native (AIAN)"
"750,Luelle,Godlee,Female,31.07.1962,Sioux"
"751,Elvis,MacAndreis,Male,16.06.1964,Korean"
"752,Cassie,Bellison,Female,20.10.2012,Salvadoran"
"753,Gerrard,Chucks,Male,19.12.2004,Cuban"
"754,Boyd,Nanni,Male,20.11.1982,Venezuelan"
"755,Hussein,Badsey,Male,17.04.1994,Dominican (Dominican Republic)"
"756,Cece,Glascott,Male,29.10.1993,Chamorro"
"757,Rosalynd,Charrette,Female,14.06.2015,Osage"
"758,Caye,Braz,Female,13.09.1988,Delaware"
"759,Fernanda,Biggin,Female,08.05.1972,Ecuadorian"
"760,Fawn,Muff,Female,31.10.1977,Tlingit-Haida"
"761,Shea,Breissan,Female,21.02.2007,Pueblo"
"762,Chantal,Elven,Female,22.01.1977,Yakama"
"763,Ermanno,Sambedge,Male,08.04.1976,Laotian"
"764,Zachariah,Kimbrough,Male,27.06.1971,Potawatomi"
"765,Austina,O'Dreain,Female,12.06.1986,Iroquois"
"766,Lovell,Peres,Male,27.10.1992,Chippewa"
"767,Danella,Wiley,Female,18.01.2015,Chickasaw"
"768,Riccardo,Sewley,Male,16.04.2014,Samoan"
"769,Hermione,Box,Female,10.09.1954,Salvadoran"
"770,Nanny,Kensit,Female,08.06.1972,Alaskan Athabascan"
"771,Claudell,Ciotto,Male,14.09.1958,Sri Lankan"
"772,Zelma,Aggas,Female,04.02.1997,Asian Indian"
"773,Nada,Thurlow,Female,12.08.1977,Nicaraguan"
"774,Emory,O'Griffin,Male,02.08.1956,Delaware"
"775,Nolly,Warlock,Male,08.10.1951,Puerto Rican"
"776,Elmo,Lonsbrough,Male,07.03.1976,Chickasaw"
"777,Amory,Dobbings,Male,10.07.1997,Potawatomi"
"778,Cinnamon,Boundey,Female,23.10.1970,Hmong"
"779,Dotti,Eyeington,Female,24.11.1983,Puerto Rican"
"780,Em,Saddington,Male,25.11.1984,Houma"
"781,Ronnie,Kettridge,Male,24.09.2005,Native Hawaiian and Other Pacific Islander (NHPI)"
"782,Lemuel,Farans,Male,07.07.1966,Uruguayan"
"783,Martynne,Summerscales,Female,02.01.1997,Puget Sound Salish"
"784,Bald,Lukock,Male,14.06.1968,Peruvian"
"785,Clarinda,Corck,Female,20.09.1985,Paraguayan"
"786,Cathie,Waumsley,Female,14.10.1972,Honduran"
"787,Hector,Schorah,Male,16.02.1964,Alaska Native"
"788,Damaris,McAuliffe,Female,15.05.1972,Shoshone"
"789,Perry,Dinis,Male,22.05.2001,Alaskan Athabascan"
"790,Domenico,Warr,Male,21.12.1998,Panamanian"
"791,Blaine,Bayford,Male,01.08.1967,Venezuelan"
"792,Yanaton,Bellerby,Male,20.05.1984,Native Hawaiian and Other Pacific Islander (NHPI)"
"793,Cole,Lokier,Male,24.10.2012,Potawatomi"
"794,Heall,Gillaspy,Male,24.10.2002,Bangladeshi"
"795,Carlotta,Diss,Female,05.02.2000,Houma"
"796,Mal,Southerell,Male,06.01.1984,Shoshone"
"797,Ethelda,Strongitharm,Female,02.04.2006,Menominee"
"798,Kain,Bowley,Male,19.01.1972,Comanche"
"799,Charmaine,Faulkes,Female,25.08.1988,Fijian"
"800,Nil,Wolfindale,Male,26.05.1993,Chilean"
"801,Katrina,Duckhouse,Female,04.12.1953,Pima"
"802,Vladimir,Balffye,Male,12.07.2012,Tohono O'Odham"
"803,Lyda,Defond,Female,07.06.1988,Creek"
"804,Grantham,Lude,Male,25.04.2007,Chippewa"
"805,Clarine,Chesshire,Female,03.03.2009,Malaysian"
"806,Danny,Whittaker,Male,14.02.2013,Osage"
"807,Elvis,Hurley,Male,06.05.1953,Malaysian"
"808,Valida,Middlebrook,Female,20.04.1969,Pakistani"
"809,Parker,Foucard,Male,16.02.2012,Eskimo"
"810,Gayler,Paulino,Male,25.07.1954,Uruguayan"
"811,Goraud,McRavey,Male,07.05.1997,Puerto Rican"
"812,Mathe,Hewell,Male,26.10.1957,Navajo"
"813,Belle,Radki,Female,16.10.1989,Peruvian"
"814,Perrine,Coffelt,Female,11.08.1989,Black or African American"
"815,Xavier,Elliff,Male,19.04.1973,Yaqui"
"816,Maxi,Martinson,Female,13.04.2000,Laotian"
"817,Aundrea,Bordone,Female,27.08.1993,Chickasaw"
"818,Ferrel,Goshawk,Male,27.11.1996,Creek"
"819,Alfreda,Ible,Female,14.04.1990,Japanese"
"820,Emelia,Gudeman,Female,21.11.2000,Potawatomi"
"821,Kean,Rebert,Male,04.05.1984,American Indian"
"822,Emory,Chrystal,Male,04.01.1957,Yakama"
"823,Torrey,Ouldcott,Male,26.01.1951,Menominee"
"824,Staci,Churchlow,Female,22.05.1973,Uruguayan"
"825,Liza,Maciaszczyk,Female,17.09.1952,Cambodian"
"826,Leonardo,McInerney,Male,07.06.2013,Ottawa"
"827,Everett,Lanon,Male,21.12.1992,Puget Sound Salish"
"828,Adler,Kellar,Male,03.02.1974,Pakistani"
"829,Maisie,Chesworth,Female,29.06.2006,Guamanian"
"830,Luke,Benoist,Male,15.02.1988,Alaskan Athabascan"
"831,Amara,Fursland,Female,10.05.1960,Korean"
"832,Mayne,Philippeaux,Male,22.10.1996,Alaska Native"
"833,Haley,McCrisken,Female,23.10.1969,Seminole"
"834,Tabbatha,Rudman,Female,23.05.1959,Blackfeet"
"835,Chaddy,Grishaev,Male,29.08.1954,Sioux"
"836,Milty,Shawyers,Male,09.07.1954,Chilean"
"837,Earle,Sunman,Male,13.07.1954,Taiwanese"
"838,Shea,Tommasi,Female,21.08.1974,Navajo"
"839,Heall,Sharma,Male,30.03.1981,White"
"840,Norman,Klageman,Male,07.10.1991,Puget Sound Salish"
"841,Amby,Pearn,Male,16.06.1999,Tongan"
"842,Bourke,Devonshire,Male,08.08.1980,Spaniard"
"843,Aldon,Cockren,Male,19.01.1954,Paraguayan"
"844,Alis,Oehm,Female,01.03.2003,Osage"
"845,Wren,Benois,Female,10.02.1980,Menominee"
"846,Milka,Lochhead,Female,07.08.1989,Pima"
"847,Arie,Lampert,Male,25.04.1952,Melanesian"
"848,Isak,Dealtry,Male,14.06.1958,Guamanian"
"849,Brodie,Molder,Male,27.06.1956,Comanche"
"850,Karla,Gritskov,Female,25.08.1986,Polynesian"
"851,Evered,Gomez,Male,03.01.2011,Cree"
"852,Lainey,Macklam,Female,10.07.1955,Peruvian"
"853,Fayina,Fronczak,Female,27.03.2001,Navajo"
"854,Man,Yanshinov,Male,23.07.1966,Pakistani"
"855,Fifine,Stutt,Female,26.11.1984,Polynesian"
"856,Mahalia,Aked,Female,18.12.1957,Costa Rican"
"857,Gil,Girodias,Male,23.10.1982,Honduran"
"858,Scot,Rousel,Male,18.03.1951,Uruguayan"
"859,Dew,Sollam,Male,17.06.1996,Tohono O'Odham"
"860,Tye,Combe,Male,04.01.1977,Comanche"
"861,Sayre,Cohr,Female,13.09.1997,Laotian"
"862,Hedvige,Fidell,Female,04.09.1964,Seminole"
"863,Laureen,Egdale,Female,25.09.1952,Tongan"
"864,Sergio,Beranek,Male,24.09.2011,Paiute"
"865,Bunni,Daudray,Female,18.07.1993,Cuban"
"866,Rasla,Thorneley,Female,13.04.2010,Ottawa"
"867,Christa,MacSween,Female,01.09.1983,Cuban"
"868,Hatty,Maudlin,Female,20.11.1955,Ottawa"
"869,Robert,Hannaway,Male,03.09.1951,Filipino"
"870,Robbyn,Rymour,Female,27.07.1992,Crow"
"871,Toinette,Crickmer,Female,25.04.2004,Guamanian"
"872,Townie,Malcher,Male,15.09.1993,Peruvian"
"873,Beauregard,Skittrall,Male,07.02.1992,Alaskan Athabascan"
"874,Bellina,Tuddall,Female,20.02.1989,Laotian"
"875,Sayers,Sneyd,Male,11.06.2006,Salvadoran"
"876,Harriott,Danilov,Female,11.11.1953,Iroquois"
"877,Carena,Batchelor,Female,14.11.2001,Japanese"
"878,Archibold,Sisnett,Male,25.09.1971,Dominican (Dominican Republic)"
"879,Sheppard,Kirkebye,Male,22.06.2002,Samoan"
"880,Rolf,Brownlea,Male,03.05.2006,Laotian"
"881,Lenette,Loach,Female,20.04.1989,Black or African American"
"882,Zara,Gallacher,Female,08.12.1973,Asian"
"883,Gunar,Esplin,Male,15.09.1995,Guamanian"
"884,Lewie,Doppler,Male,02.07.2015,Tlingit-Haida"
"885,Prudence,Bottleson,Female,02.05.2000,Colville"
"886,Teddie,Westrey,Male,02.12.1983,Puget Sound Salish"
"887,Seumas,Tourner,Male,30.10.2002,Colville"
"888,Robinet,Krug,Male,05.10.1999,Polynesian"
"889,Durand,Frudd,Male,16.03.1967,Apache"
"890,Luelle,Aindrais,Female,18.03.1972,Navajo"
"891,Charmian,Ramsdell,Female,18.08.1992,Micronesian"
"892,Consolata,Aggas,Female,21.05.1991,Cheyenne"
"893,Marjy,Kenny,Female,02.04.1954,Paraguayan"
"894,Lorena,Tincknell,Female,24.10.1960,Chamorro"
"895,Dana,Gatling,Male,01.01.1954,Delaware"
"896,Cherrita,Kerbey,Female,13.11.2002,Peruvian"
"897,Torey,Udey,Male,12.05.1959,Fijian"
"898,Cameron,Upham,Male,02.03.1981,Melanesian"
"899,Alfi,Cottie,Female,26.10.1951,Samoan"
"900,Avictor,Lamberto,Male,11.11.1991,Malaysian"
"901,Ariadne,Girardet,Female,14.12.1981,Iroquois"
"902,Marve,Hazley,Male,10.08.1979,Peruvian"
"903,Talyah,Pardy,Female,31.07.1955,Dominican (Dominican Republic)"
"904,Danya,Button,Female,14.12.2007,Nicaraguan"
"905,Felita,Bealton,Female,04.01.2014,Chamorro"
"906,Craggy,Cops,Male,15.06.2015,Potawatomi"
"907,Elfrida,Sinnocke,Female,19.11.1964,Cuban"
"908,Kristos,Vanetti,Male,08.10.2001,Argentinian"
"909,Gilberto,Trowill,Male,16.01.1956,Aleut"
"910,Callie,Caroline,Female,16.02.1963,Colville"
"911,Banky,Schonfelder,Male,09.09.1956,Chamorro"
"912,Georgi,Pardoe,Male,26.11.2008,Potawatomi"
"913,Enrique,Bates,Male,17.07.1998,American Indian"
"914,Pamella,Adicot,Female,25.05.2000,Uruguayan"
"915,Chadwick,Furst,Male,30.11.1968,American Indian"
"916,Rudyard,Donett,Male,12.10.2015,Crow"
"917,Agnese,Blumer,Female,15.06.1995,Mexican"
"918,Vin,Lapthorn,Male,17.11.2015,Alaskan Athabascan"
"919,Brodie,Corns,Male,08.04.1960,Menominee"
"920,Berti,Sappell,Male,30.07.1957,Dominican (Dominican Republic)"
"921,Kinsley,Tidder,Male,15.11.2015,American Indian"
"922,Roosevelt,Raddish,Male,29.10.1973,Costa Rican"
"923,Skip,Whithorn,Male,17.12.1966,Costa Rican"
"924,Stanly,Taillant,Male,29.04.1982,Hmong"
"925,Bobbette,Bockett,Female,25.03.2009,Micronesian"
"926,Buffy,Currom,Female,29.05.1953,Houma"
"927,Emmaline,Boniface,Female,04.04.1992,Argentinian"
"928,Flora,Monketon,Female,16.04.1982,Shoshone"
"929,Ardenia,Brasher,Female,14.09.1956,Chilean"
"930,Consalve,Cleobury,Male,17.03.2005,Navajo"
"931,Britte,Bolesworth,Female,21.09.2015,Samoan"
"932,Bobbette,Hauxwell,Female,02.05.1956,Chippewa"
"933,Debora,Readman,Female,11.02.1957,Laotian"
"934,Artair,Branchett,Male,10.07.1975,Korean"
"935,Sanderson,Boerder,Male,13.08.1983,Korean"
"936,Philippine,Verrall,Female,03.08.1981,Spaniard"
"937,Joelly,Lessmare,Female,15.03.1995,Lumbee"
"938,Vonni,Davion,Female,01.08.1979,Comanche"
"939,Darci,Freezor,Female,05.05.1995,American Indian and Alaska Native (AIAN)"
"940,Osbourne,Hovenden,Male,17.05.2009,Chippewa"
"941,Phip,Kempstone,Male,18.07.1976,Paraguayan"
"942,Deny,Deadman,Female,18.12.1955,Cuban"
"943,Margeaux,Sleigh,Female,24.11.1997,Spaniard"
"944,Valentino,Baff,Male,15.02.2014,American Indian"
"945,Englebert,Bysshe,Male,21.10.1972,Pima"
"946,Constantino,Cowlam,Male,10.09.2004,Japanese"
"947,Consalve,Mishaw,Male,02.02.2007,Cherokee"
"948,Fredric,Scutter,Male,13.05.1973,Paraguayan"
"949,Timmy,Crevy,Female,28.02.1970,Venezuelan"
"950,Ingeborg,Snoxell,Female,23.04.1965,Guamanian"
"951,Cora,Boodell,Female,15.12.1959,Venezuelan"
"952,Yuri,Woliter,Male,09.01.1960,Laotian"
"953,Ruttger,McCaskill,Male,04.12.1977,Sri Lankan"
"954,Crichton,Edensor,Male,13.04.1959,White"
"955,George,Normanville,Male,07.07.2002,Vietnamese"
"956,Angelo,Cranston,Male,12.10.1968,Sioux"
"957,Alisander,Schechter,Male,25.01.1974,Puget Sound Salish"
"958,Marge,Shapira,Female,14.11.1968,Salvadoran"
"959,Brock,Carus,Male,21.05.1980,Yaqui"
"960,Tandie,Scrammage,Female,24.01.1990,South American"
"961,Linnie,Corter,Female,26.05.1995,Chippewa"
"962,Nariko,Lafoy,Female,16.12.2009,Argentinian"
"963,Lorene,Oiller,Female,22.06.1953,Laotian"
"964,Verney,Treven,Male,01.10.2015,Delaware"
"965,Davita,Speers,Female,24.03.1953,Tohono O'Odham"
"966,Devonna,Randlesome,Female,25.08.2006,Korean"
"967,Alameda,Fitzjohn,Female,22.10.1977,Cuban"
"968,Robinet,Plank,Male,18.04.1982,Chamorro"
"969,Port,Habgood,Male,15.11.1955,Chamorro"
"970,Salomi,Atwel,Female,16.06.1964,Tlingit-Haida"
"971,Amalita,Adriani,Female,06.05.1960,Lumbee"
"972,Wilmar,Yukhnin,Male,31.10.1994,Eskimo"
"973,Thalia,Stoffersen,Female,22.12.2014,Laotian"
"974,Frederico,Howchin,Male,06.10.1993,Eskimo"
"975,Rhoda,Klaves,Female,08.10.1968,Apache"
"976,Urbain,Beavis,Male,30.07.1960,Blackfeet"
"977,Ernest,Merida,Male,08.11.1972,Hmong"
"978,Petey,Wasylkiewicz,Male,22.09.1980,Venezuelan"
"979,Jen,Inett,Female,13.08.1974,American Indian"
"980,Orran,Ordidge,Male,07.02.1995,South American"
"981,Cathi,Maccaig,Female,01.12.1975,Costa Rican"
"982,Emelia,Jude,Female,30.08.2007,Seminole"
"983,Shepard,Windrus,Male,24.11.1995,Spaniard"
"984,Laurella,Mattiessen,Female,20.07.1994,Malaysian"
"985,Haley,Logan,Female,13.06.1952,Polynesian"
"986,Kelcey,Soloway,Female,01.02.1951,Colombian"
"987,Niels,Maffia,Male,01.04.1979,Kiowa"
"988,Terrye,Elders,Female,03.12.2001,Asian"
"989,Dyane,Stonehouse,Female,11.07.1978,Apache"
"990,Nate,Quilleash,Male,14.09.2010,Latin American Indian"
"991,Gipsy,Lockart,Female,08.05.1979,Sioux"
"992,Mignonne,Cristofari,Female,08.09.1989,Salvadoran"
"993,Valentine,Lerego,Male,31.01.1988,Nicaraguan"
"994,Easter,Klebes,Female,09.02.2002,Cree"
"995,Jammal,Yeldham,Male,05.04.1988,Venezuelan"
"996,Patrizius,Curry,Male,02.03.1960,Samoan"
"997,Delphinia,Scarlon,Female,01.02.1987,Tohono O'Odham"
"998,Tommy,Chaudret,Female,22.01.1988,Eskimo"
"999,Agathe,Hollingsby,Female,06.02.1961,Central American"
"1000,Perrine,Martell,Female,29.06.1954,Puerto Rican"
